sequence,chem_comp_ID,X_shift,Y_shift,X_atom_name,Y_atom_name
2,GLN,9.01,123.6,H,N
3,ILE,8.32,115.0,H,N
4,PHE,8.54,118.4,H,N
5,VAL,9.33,122.1,H,N
6,LYS,8.83,127.4,H,N
7,THR,8.77,116.5,H,N
8,LEU,9.32,121.8,H,N
9,THR,7.42,101.1,H,N
10,GLY,7.65,107.1,H,N
11,LYS,7.47,122.4,H,N
12,THR,8.61,120.9,H,N
13,ILE,9.62,129.2,H,N
14,THR,8.8,123.2,H,N
15,LEU,8.64,125.0,H,N
16,GLU,8.26,123.3,H,N
17,VAL,8.96,117.8,H,N
18,GLU,8.72,119.4,H,N
20,SER,7.11,103.8,H,N
21,ASP,8.12,124.2,H,N
22,THR,7.88,108.9,H,N
23,ILE,8.66,122.1,H,N
25,ASN,7.95,120.7,H,N
26,VAL,8.16,122.5,H,N
27,LYS,8.56,119.3,H,N
28,ALA,8.06,123.4,H,N
29,LYS,8.01,121.0,H,N
30,ILE,8.28,121.8,H,N
31,GLN,8.45,123.5,H,N
32,ASP,8.26,120.8,H,N
33,LYS,7.67,116.2,H,N
34,GLU,8.64,113.8,H,N
35,GLY,8.51,109.5,H,N
36,ILE,6.17,121.1,H,N
39,ASP,8.63,114.1,H,N
40,GLN,7.85,116.9,H,N
41,GLN,7.47,117.1,H,N
42,ARG,8.31,122.0,H,N
43,LEU,8.64,123.2,H,N
44,ILE,9.28,123.1,H,N
45,PHE,8.76,125.5,H,N
46,ALA,8.45,131.4,H,N
47,GLY,8.11,102.4,H,N
48,LYS,7.49,115.3,H,N
49,GLN,8.32,119.3,H,N
50,LEU,8.71,124.9,H,N
51,GLU,8.58,124.0,H,N
52,ASP,8.18,121.3,H,N
54,ARG,7.5,119.8,H,N
55,THR,8.83,108.6,H,N
56,LEU,8.16,118.4,H,N
57,SER,8.51,113.4,H,N
58,ASP,8.02,124.9,H,N
59,TYR,7.27,116.0,H,N
60,ASN,8.15,115.8,H,N
61,ILE,7.4,119.2,H,N
62,GLN,7.71,125.4,H,N
63,LYS,8.45,120.7,H,N
64,GLU,9.35,115.4,H,N
65,SER,7.78,115.5,H,N
66,THR,8.71,117.9,H,N
67,LEU,9.35,127.2,H,N
68,HIS,9.1,117.8,H,N
69,LEU,8.5,125.8,H,N
70,VAL,8.98,127.2,H,N
71,LEU,8.19,126.9,H,N
72,ARG,8.36,119.0,H,N
73,LEU,8.23,122.9,H,N
74,ARG,7.7,115.4,H,N
75,GLY,8.16,108.8,H,N
76,GLY,8.16,115.2,H,N
